period,period_start,period_end,snapshots_used,snapshots_expected,has_gaps,dex,pool_name,pool_address,avg_tvl_usd,total_volume_usd,avg_apr_7d,avg_reserve_0,avg_reserve_1,avg_total_share,snapshot_count
6-day-avg,2026-07-20,2026-07-25,6,6,false,skeletonswap,"ATOM-LUNA",terra1frfcj4xhvx0emkup4vel5jun9zun0797j5yhn7ant3r4jzy9mkxqzcwev6,8004.74,0.00,0.0000,2781459407,89813814683,10457365738,6
6-day-avg,2026-07-20,2026-07-25,6,6,false,skeletonswap,"ATOM-axlUSDC",terra17l9xj8f6m8smumhn8wgpgnswr3mu60wfkcm6pjc69drxp0t398rs7335vn,11.49,0.00,0.0000,3997626,5733596,3271108,6
6-day-avg,2026-07-20,2026-07-25,6,6,false,skeletonswap,"LUNA-ASTRO.cw20",terra1e6t37fgjkxrzdx2s95fyq6jdra5s82720vhtmxvx4yhcvnsrey4ssmrya6,10.88,0.00,0.0000,203273691,1262696410,440091012,6
6-day-avg,2026-07-20,2026-07-25,6,6,false,skeletonswap,"LUNA-axlUSDC",terra1ck8nkz35sa8mmqez3lqrm77vh36n2gd2f0dxjde4uemkwsjt22pqgk49zj,121.49,0.00,0.0000,1361408590,60878364,91975901,6
6-day-avg,2026-07-20,2026-07-25,6,6,false,skeletonswap,"bLUNA-LUNA",terra1j5znhs9jeyty9u9jcagl3vefkvzwqp6u9tq9a3e5qrz4gmj2udyqp0z0xc,187829.65,0.00,0.0000,1195705243141,2101198533908,1424794111416,6
6-day-avg,2026-07-20,2026-07-25,6,6,false,skeletonswap,"ampLUNA-LUNA",terra1tsx0dmasjvd45k6tdywzv77d5t9k3lpzyuleavuah77pg3lwm9cq4469pm,80251.73,0.00,0.0000,405548570745,897585023117,497078937085,6
6-day-avg,2026-07-20,2026-07-25,6,6,false,skeletonswap,"wBTC.axl-LUNA",terra1xhhr7x8yhv9p336t3squh5f8t2827ttrevnwrwwvqrp88nkt665qy0w07c,0.39,0.00,0.0000,346,3618818,28010,6
6-day-avg,2026-07-20,2026-07-25,6,6,false,skeletonswap,"bLUNA-SOLID",terra1shd0wd8atmevjtryzcqzu6sxsmc4hjek43kxqsz08wxwk4nt0wvsav9004,0.00,0.00,0.0000,1483,857,1057,6
6-day-avg,2026-07-20,2026-07-25,6,6,false,skeletonswap,"ampROAR-ROAR",terra1d8ap3zyd6tfnruuuwvs0t927lr4zwptruhulfwnxjpqzudvyn8usfgl8ze,34751.76,0.00,0.0000,76047278349516608,90615266318008240,81443050506788688,6
6-day-avg,2026-07-20,2026-07-25,6,6,false,skeletonswap,"MOAR-ROAR",terra1j0ackj0wru4ndj74e3mhhq6rffe63y8xd0e56spqcjygv2r0cfsqxr36k6,0.00,0.00,0.0000,92798544377,612957136901,234517569467,0
6-day-avg,2026-07-20,2026-07-25,6,6,false,skeletonswap,"LUNA-USDC",terra16a45v4k74w3yy30utfxdsekdlnks27sv48sn2suaf4wt7u6meq8scz75mx,80800.83,0.00,0.0000,907081334307,40405653813,163900036420,6
6-day-avg,2026-07-20,2026-07-25,6,6,false,skeletonswap,"wBTC.osmo-LUNA",terra1aysexulsnuxna62m5rlnuzfcvct3df93gd4q0kkjtjcqsvv93s5sd0fyd2,513.83,0.00,0.0000,399908,5690921773,43353267,6
6-day-avg,2026-07-20,2026-07-25,6,6,false,skeletonswap,"LUNA-USDt",terra1wymgwg90ry2w04avy899ucmuuak7w8n3xw2msmw2jf9rfugre0ssenx4hn,5438.32,0.00,0.0000,60986006114,2725478877,11596535545,6
6-day-avg,2026-07-20,2026-07-25,6,6,false,skeletonswap,"LUNA-SOLID",terra18fved7svlqq9q9h23cg4uw97lllmg7fa03psevczy20ayhdwrm3sznjeh5,72.27,0.00,0.0000,810891655,35906963,163695513,6
6-day-avg,2026-07-20,2026-07-25,6,6,false,skeletonswap,"LUNA-ASTRO",terra1hvntefafgn05llkqyl6uxx6j0jjwmqjtxqdrwdm43s9tkzx7xkfqkcl7h6,3.08,0.00,0.0000,9775153,1845541264,130473177,6
6-day-avg,2026-07-20,2026-07-25,6,6,false,skeletonswap,"LUNA-ROAR",terra126w5m24usxydxn0tjqd73k8uw06r42wttahf9t0cjyhmljlqhrdsjucx45,75.75,0.00,0.0000,854358781,195690463832769,392377159380,6
6-day-avg,2026-07-20,2026-07-25,6,6,false,skeletonswap,"LUNA-stLUNA",terra12exvyhctk6ggqvzj2tlhsv769llctntf5zdj9erz6q2uq4h8hn8q5k5xpg,1.41,0.00,0.0000,15018499,8835546,11433944,3
6-day-avg,2026-07-20,2026-07-25,6,6,false,skeletonswap,"LUNA-SWTH",terra1nll8xy7m2dyac3sww2tg7dqj8s0mlak68drgtzd9gh4yvnvpplhsn3sxnv,0.74,0.00,0.0000,8190065,195145320826,1240170883,3
6-day-avg,2026-07-20,2026-07-25,6,6,false,skeletonswap,"USDC-SOLID",terra1wje8lj3372njwuw8t4scmyp94t5pyxxh89tsnkrfyxghqh6aunzqz4a9k3,421.62,0.00,0.0000,210994421,209192199,205346421,6
6-day-avg,2026-07-20,2026-07-25,6,6,false,skeletonswap,"LUNA-wstETH",terra12hs75vlyd38zjvhegsqzr8uvz2r764fdy8mhqw0qg0s2mv858yvstwmsf8,5639.65,0.00,0.0000,61932346638,1224982010379201280,264306219490880,6
6-day-avg,2026-07-20,2026-07-25,6,6,false,skeletonswap,"USDC-USDt",terra178ca7z2w6346wlkmxwpw80s2a5fmas9q28xlzegkt4c4rdam67aql5fgxj,23490.90,0.00,0.0000,10992675458,12508518920,23444183611,6
6-day-avg,2026-07-20,2026-07-25,6,6,false,skeletonswap,"LUNA-INJ",terra1q2gd6kc7nt8xct94chrlsqtpxfs9rve0j76lquce624y5zp85cdseshh85,615.31,0.00,0.0000,6926464192,59010914958413856768,615520619297008,3
6-day-avg,2026-07-20,2026-07-25,6,6,false,skeletonswap,"LUNA-wBNB",terra1m5juz238n27dd24d9e3kacmqax8gu7j5ee9hhfczpl52f3n7adaqudk2c9,0.00,0.00,0.0000,7605,140,1005,3
6-day-avg,2026-07-20,2026-07-25,6,6,false,skeletonswap,"LUNA-wSOL",terra12u7a9wkjqrkhxjcxx70uhfx8y49j4lclfnet2smw9agpnrv9chps27n9mh,0.00,0.00,0.0000,97886832,24672744,47616649,0
6-day-avg,2026-07-20,2026-07-25,6,6,false,skeletonswap,"ATOM-dATOM",terra1aa8nurhuk7rwedhjyzptggypuxd3y66qp4nsx6ph240g37esdm7qyheqkd,0.00,0.00,0.0000,822352420,451650948,602118214,0
6-day-avg,2026-07-20,2026-07-25,6,6,false,skeletonswap,"SWTH-rSWTH",terra1nezkc3lxdxv26hqwy44jr7j9typtk39pns254ev52s9guqc2zsyqx7hvc9,0.00,0.00,0.0000,1019,982,1000,0
6-day-avg,2026-07-20,2026-07-25,6,6,false,skeletonswap,"wBTC.osmo-wBTC.axl",terra13ywdferm4jtcperal9png3cvhtmar5se9nu4r49k7vujrakwy9zqa3rhwe,220.58,0.00,0.0000,170242,168478,154552,6
6-day-avg,2026-07-20,2026-07-25,6,6,false,skeletonswap,"LUNA-arbLUNA",terra1wttdzwa6pdegtrdjdw49y0pd3dd8qd3cqn89j6t9v978lx05rr8sew5jyq,1106.06,0.00,0.0000,12370604750,4172187950,7142199009,6
6-day-avg,2026-07-20,2026-07-25,6,6,false,skeletonswap,"LUNA-EURe",terra1gny66hmejvrkra39cn7r8f7y7yg06hy3cv2xehpxraqfgjtdtpnqjtmu53,2362.26,0.00,0.0000,29128983861,1142269218,5494951261,6
6-day-avg,2026-07-20,2026-07-25,6,6,false,skeletonswap,"USDC-EURe",terra1t9uvn05g0hdlx2nnqug3lt3pkla4sfdj0n0xnd66kmwvyt25y65sk37cej,3544.45,0.00,0.0000,1950677345,1712811135,1807954599,6
6-day-avg,2026-07-20,2026-07-25,6,6,false,skeletonswap,"CAPA-LUNA",terra15rzp38yq2cqy2jnewc9vgzqguf3t2q0gqpv9evg8tckrtqp8x44qezhthc,378.77,0.00,0.0000,180111150357,4242678953,27035837097,6
6-day-avg,2026-07-20,2026-07-25,6,6,false,skeletonswap,"ATOM-stATOM",terra1c439uc3qdlfuqncxae7l07nsdgjtu45g98yhn5ydjn2866nsw3ws0e0vte,0.02,0.00,0.0000,6125,4159,5041,3
6-day-avg,2026-07-20,2026-07-25,6,6,false,skeletonswap,"wETH-wstETH",terra12252e02w0k5yv9mryctth4j3y2sdas0xremw0jznzwal5v3xeqjst7q537,63.54,0.00,0.0000,1821864,12534359891799810,150548229107,3
6-day-avg,2026-07-20,2026-07-25,6,6,false,skeletonswap,"wKWEEN-LUNA",terra12zxl99upqdyee3u7gungesaswuv3mt2e340ll5wa4kyqnj9a6ugsl7fy8c,0.00,0.00,0.0000,21100925265,191140285,1976621377,0
